work_mode,entity,n
hybrid,SharePoint,5
hybrid,World Bank,4
hybrid,GSA,3
hybrid,Google Dialogflow,3
hybrid,Data Quality,2
hybrid,Data Visualization,2
hybrid,Ensign Global University,2
hybrid,LinkedIn,2
hybrid,M&E Fundamentals,2
hybrid,MEL,2
hybrid,the USAID Global Health Learning Center,2
hybrid,Canva,1
hybrid,Change Orders,1
hybrid,DHIS2,1
hybrid,Knowledge Management in Global Health Programs,1
hybrid,LGL,1
hybrid,NCD,1
hybrid,Project HOPE,1
hybrid,RMNCH,1
hybrid,SIN,1
hybrid,Safety and Security,1
hybrid,Salesforce,1
hybrid,Sprout Social,1
hybrid,UN,1
hybrid,USAID,1
hybrid,United Nations,1
hybrid,the Institutional Advancement,1
hybrid,the International Programs,1
hybrid,the broader development department,1
remote,Project HOPE’s,3
remote,SQL,2
remote,Salesforce,2
remote,SharePoint,2
remote,the Youth Mental Health and Resilience,2
remote,the Youth Mental Health and Resilience Program,2
remote,Canva,1
remote,Capitol Hill,1
remote,Healthcare Workers,1
remote,Instagram,1
remote,International Women in,1
remote,MHU,1
remote,Mental Health Resilience Program,1
remote,Microsoft Excel,1
remote,Mobile Health Units,1
remote,RMNCH,1
remote,UNICEF,1
remote,YouTube,1
remote,Youth Mental Health and Resilience,1
remote,the Climate Change for,1
remote,the Gaucher Mental Health and Psychosocial Support,1
remote,the Mobile Health Unit,1
